Eca Tip 22 600X400 Panel,"778,73 TL"
Baymak Tip 22 600X400 Panel,"672,42 TL"
Eca Tip 22 600X500 Panel,"973,42 TL"
Baymak Tip 22 600X500 Panel,"841,20 TL"
Eca Mensolsüz Tip 22 600X400 Vk Panel,"1.088,32 TL"
Eca Tip 22 600X600 Panel,"1.126,75 TL"
Baymak Tip 22 600X600 Panel,"980,27 TL"
Eca Mensolsüz Tip 22 600X500 Vk Panel,"1.294,16 TL"
Eca Tip 22 600X700 Panel,"1.314,55 TL"
Baymak Tip 22 600X700 Panel,"1.142,98 TL"
Eca Mensolsüz Tip 22 600X600 Vk Panel,"1.456,29 TL"
Eca Tip 22 600X800 Panel,"1.378,29 TL"
Baymak Tip 22 600X800 Panel,"1.306,36 TL"
Baymak Tip 22 600X900 Panel,"1.336,74 TL"
Eca Tip 22 600X900 Panel,"1.550,58 TL"
Eca Mensolsüz Tip 22 600X700 Vk Panel,"1.654,84 TL"
Eca Mensolsüz Tip 22 600X800 Vk Panel,"1.722,24 TL"
Baymak Tip 22 600X1000 Panel,"1.485,26 TL"
Eca Tip 22 600X1000 Panel,"1.722,86 TL"
Eca Mensolsüz Tip 22 600X900 Vk Panel,"1.904,40 TL"
Baymak Tip 22 600X1100 Panel,"1.633,79 TL"
Eca Tip 22 600X1100 Panel,"1.895,15 TL"
Eca Tip 22 600X1200 Panel,"1.943,39 TL"
Eca Mensolsüz Tip 22 600X1000 Vk Panel,"2.086,56 TL"
Baymak Tip 22 600X1200 Panel,"1.782,32 TL"
Eca Tip 22 600X1300 Panel,"2.105,34 TL"
Baymak Tip 22 600X1300 Panel,"1.848,94 TL"
Eca Mensolsüz Tip 22 600X1100 Vk Panel,"2.268,72 TL"
Eca Mensolsüz Tip 22 600X1200 Vk Panel,"2.319,72 TL"
Eca Tip 22 600X1400 Panel,"2.267,29 TL"
Baymak Tip 22 600X1400 Panel,"1.991,17 TL"
Eca Mensolsüz Tip 22 600X1300 Kv Panel,"2.490,96 TL"
Eca Tip 22 600X1500 Panel,"2.429,24 TL"
Baymak Tip 22 600X1500 Panel,"2.133,39 TL"
Eca Tip 22 600X1600 Panel,"2.508,49 TL"
Eca Mensolsüz Tip 22 600X1400 Vk Panel,"2.662,19 TL"
Baymak Tip 22 600X1600 Panel,"2.275,62 TL"
Eca Tip 22 600X1700 Panel,"2.665,27 TL"
Eca Mensolsüz Tip 22 600X1500 Vk Panel,"2.833,42 TL"
Eca Mensolsüz Tip 22 600X1600 Vk Panel,"2.917,21 TL"
Eca Tip 22 600X1800 Panel,"2.822,05 TL"
Baymak Tip 22 600X1800 Panel,"2.560,07 TL"
Eca Tip 22 600X1900 Panel,"2.978,83 TL"
Eca Mensolsüz Tip 22 600X1800 Vk Panel,"3.248,74 TL"
Eca Tip 22 600X2000 Panel,"3.135,61 TL"
Baymak Tip 22 600X2000 Panel,"2.844,52 TL"
Eca Mensolsüz Tip 22 600X2000 Vk Panel,"3.580,27 TL"
Eca Tip 22 600X2200 Panel,"3.411,27 TL"
Baymak Tip 22 600X2200 Panel,"3.129,15 TL"
Eca Tip 22 600X2400 Panel,"3.721,39 TL"
